{
  "seeds": [
    42,
    2024,
    7777
  ],
  "fedavg_accs": [
    0.6416666666666667,
    0.5166666666666667,
    0.5416666666666666
  ],
  "fedavg_mean": 0.5666666666666668,
  "fedavg_std": 0.06614378277661478,
  "hmpgae_accs": [
    0.675,
    0.65,
    0.5833333333333334
  ],
  "hmpgae_mean": 0.6361111111111112,
  "hmpgae_std": 0.04738533919231106,
  "delta": 0.06944444444444442
}