Round,Clean_Accuracy,Accuracy_Change
1,0.308333,0.000000
2,0.475000,0.166667
3,0.641667,0.166667
