Round,Clean_Accuracy,Accuracy_Change
1,0.308333,0.000000
2,0.525000,0.216667
3,0.675000,0.150000
