Round,Clean_Accuracy,Accuracy_Change
1,0.350000,0.000000
2,0.600000,0.250000
3,0.708333,0.108333
