Round,Clean_Accuracy,Accuracy_Change
1,0.258333,0.000000
2,0.383333,0.125000
3,0.650000,0.266667
