Round,Clean_Accuracy,Accuracy_Change
1,0.300000,0.000000
2,0.433333,0.133333
3,0.541667,0.108333
