Round,Clean_Accuracy,Accuracy_Change
1,0.258333,0.000000
2,0.341667,0.083333
3,0.516667,0.175000
