Round,Clean_Accuracy,Accuracy_Change
1,0.300000,0.000000
2,0.475000,0.175000
3,0.583333,0.108333
